Fri Apr 13 12:42:48 CEST 2018,uwawawang_wang,rt,@villhut:,pok√©mon,au,https://t.co/vp8ufzdrq9
Fri Apr 13 12:42:42 CEST 2018,Pichukulele,rt,@ojeekumagazine:,yugi,d√©finitivement,la,meilleure,waifu,de,pok√©mon,https://t.co/vmjae9mgth
Fri Apr 13 12:42:22 CEST 2018,GIEVYTB,rt,@crunchyroll_fr:,ce,nouveau,film,pok√©mon,promet,d'√™tre,magnifique,"!",üòç,https://t.co/pqufddijrv
Fri Apr 13 12:42:03 CEST 2018,LumStrum,rt,@nintendolife:,random:,as,the,pok√©mon,anime,hits,1000,episodes,one,thing,is,clear:,ash,sucks,at,pok√©mon,https://t.co/8sqwhgdicf,"#pokemo‚Ä¶"
Fri Apr 13 12:41:55 CEST 2018,sombres_clartes,rt,@solenemcqueen:,22.,pok√©monc‚Äôest,mon,enfance,enti√®re,"!",la,premi√®re,g√©n√©ration,‚ù§Ô∏è,le,g√©n√©rique,mythique,vraiment,que,du,bon.,https://t‚Ä¶
Fri Apr 13 12:41:40 CEST 2018,Pokemon_Sauvage,ceci,est,bien,trop,mignon,merci,nono,souriant,¬¥‚àÄÔΩÄ‚ô°,https://t.co/yrlia57zgl
Fri Apr 13 12:41:04 CEST 2018,PapaOuurss,ptdrrr,@mugenxhunter,,mon,poto,david,il,fume,plus,les,packs,pok√©mon,https://t.co/l6kaxm0vt4
Fri Apr 13 12:40:26 CEST 2018,TheUncleDrewJr,rt,@fils2timp:,il,a,commenc√©,par,d√©chirer,des,boosters,pokemon,et,maintenant,il,d√©chire,des,culs,quel,homme,https://t.co/nn9aosdpk3
Fri Apr 13 12:39:34 CEST 2018,lscampioni,quand,tu,geek,2heures,sur,pok√©mon,et,qu‚Äôon,te,dit,¬´¬†il,y,a,d√©j√†,une,sauvegarde,sauvgarde,impossible¬†¬ª,https://t.co/9n7txfczla
Fri Apr 13 12:38:24 CEST 2018,KassLaMenace,au,boulot,on,bosse,tellement,bien,qu'on,parle,et,d√©bat,de,la,sexe,tape,de,david,lafarge,pokemon,üòÖ,n'est,pas,@pandaio_
Fri Apr 13 12:37:33 CEST 2018,LenkaSH646,rt,@siteeternia:,la,date,de,sortie,du,2nd,volume,du,manga,pok√©mon,la,grande,aventure,diamant,et,perle,/,platine,a,√©t√©,annonc√©,par,@kurotwee‚Ä¶
Fri Apr 13 12:37:22 CEST 2018,aleXViale_83,rt,@crunchyroll_fr:,ce,nouveau,film,pok√©mon,promet,d'√™tre,magnifique,"!",üòç,https://t.co/pqufddijrv
Fri Apr 13 12:36:34 CEST 2018,Pokemon_Sauvage,une,id√©e,un,peu,folle,pop,dans,ma,t√™te,ü§î
Fri Apr 13 12:35:35 CEST 2018,Mad_G20,rt,@solenemcqueen:,22.,pok√©monc‚Äôest,mon,enfance,enti√®re,"!",la,premi√®re,g√©n√©ration,‚ù§Ô∏è,le,g√©n√©rique,mythique,vraiment,que,du,bon.,https://t‚Ä¶
Fri Apr 13 12:35:24 CEST 2018,Giaelys,rt,@crunchyroll_fr:,ce,nouveau,film,pok√©mon,promet,d'√™tre,magnifique,"!",üòç,https://t.co/pqufddijrv
Fri Apr 13 12:35:15 CEST 2018,stylspurpose,rt,@fils2timp:,il,a,commenc√©,par,d√©chirer,des,boosters,pokemon,et,maintenant,il,d√©chire,des,culs,quel,homme,https://t.co/nn9aosdpk3
Fri Apr 13 12:35:08 CEST 2018,Kakarottosenpai,rt,@crunchyroll_fr:,ce,nouveau,film,pok√©mon,promet,d'√™tre,magnifique,"!",üòç,https://t.co/pqufddijrv
Fri Apr 13 12:34:16 CEST 2018,fargueras,rt,@pomps_boyz:,@jeankul_,@davidlpokemon,@benoitcrp,,heeeeyyyyyy,salut,√†,tous,,les,amis,c‚Äôest,david,lafarge,pok√©mon,ojd,on,ouvre,le,cul,d‚Äôu‚Ä¶
Fri Apr 13 12:34:08 CEST 2018,herosdeshonens,rt,@ojeekumagazine:,yugi,d√©finitivement,la,meilleure,waifu,de,pok√©mon,https://t.co/vmjae9mgth
Fri Apr 13 12:33:47 CEST 2018,DamienMcFerran,random:,as,the,pok√©mon,anime,hits,1000,episodes,one,thing,is,clear:,ash,sucks,at,pok√©mon,https://t.co/l1pylxn81a‚Ä¶,https://t.co/qs6mxu8oxx
Fri Apr 13 12:33:33 CEST 2018,BDvl9,rt,@crunchyroll_fr:,ce,nouveau,film,pok√©mon,promet,d'√™tre,magnifique,"!",üòç,https://t.co/pqufddijrv
Fri Apr 13 12:33:27 CEST 2018,DezzMarie95,rt,@nintendolife:,random:,as,the,pok√©mon,anime,hits,1000,episodes,one,thing,is,clear:,ash,sucks,at,pok√©mon,https://t.co/8sqwhgdicf,"#pokemo‚Ä¶"
Fri Apr 13 12:32:56 CEST 2018,efingbv,rt,@crunchyroll_fr:,ce,nouveau,film,pok√©mon,promet,d'√™tre,magnifique,"!",üòç,https://t.co/pqufddijrv
Fri Apr 13 12:32:46 CEST 2018,GavinNiva,rt,@davidlppokemon:,j‚Äôai,attrap√©,un,pok√©mon,chelou.,sa,seule,attaque,c‚Äôest,¬´¬†d√©gustation¬†¬ª,et,il,fait,que,crier,¬´¬†vuitton-vuitton¬†¬ª.,https:‚Ä¶
Fri Apr 13 12:32:36 CEST 2018,Garion6_3,j'aime,une,vid√©o,@youtube¬†:,"""pok√©mon",go,mini,movie,,the,regigigas,mace,"""",√†,l'adresse,https://t.co/mmomuqcfoy.
Fri Apr 13 12:32:34 CEST 2018,GavinNiva,rt,@davidlppokemon:,-,un,best-of,big,mac,avec...-,tu,me,reconnais,pas,?,-,non,d√©sol√©.,avec,frites,et...-,david,lafarge,pok√©mon,"!",vuitton‚Ä¶
Fri Apr 13 12:32:20 CEST 2018,Picso_Pokemon,et,ce,n'est,pas,1,mais,bien,8,tarsal,shiny,rencontr√©s,sur,pok√©mon,√©clat,pourpre,avec,le,pok√©radar@master_tedb,https://t.co/gepwrjnh5n
Fri Apr 13 12:32:16 CEST 2018,Piko_Gaming,rt,@soiary:,ptdr,y‚Äôa,embrouille,lart,pour,yu-gi-oh,like,pour,pok√©mon,https://t.co/x9hw0cxnav
Fri Apr 13 12:32:08 CEST 2018,J_Loony,rt,@pomps_boyz:,@jeankul_,@davidlpokemon,@benoitcrp,,heeeeyyyyyy,salut,√†,tous,,les,amis,c‚Äôest,david,lafarge,pok√©mon,ojd,on,ouvre,le,cul,d‚Äôu‚Ä¶
Fri Apr 13 12:31:46 CEST 2018,Stroianmonteith,rt,@solenemcqueen:,22.,pok√©monc‚Äôest,mon,enfance,enti√®re,"!",la,premi√®re,g√©n√©ration,‚ù§Ô∏è,le,g√©n√©rique,mythique,vraiment,que,du,bon.,https://t‚Ä¶
Fri Apr 13 12:31:45 CEST 2018,furudebusu,rt,@ojeekumagazine:,yugi,d√©finitivement,la,meilleure,waifu,de,pok√©mon,https://t.co/vmjae9mgth
Fri Apr 13 12:31:40 CEST 2018,Kailfa9,@passage004,@epicpixelbattle,pour,le,battle,prochain,je,propose:,brice,le,perso,masculin,de,la,3,√®me,g√©n√©ration,o‚Ä¶,https://t.co/7yfkgyhv3e
Fri Apr 13 12:31:30 CEST 2018,dqy_ines,rt,@pomps_boyz:,@jeankul_,@davidlpokemon,@benoitcrp,,heeeeyyyyyy,salut,√†,tous,,les,amis,c‚Äôest,david,lafarge,pok√©mon,ojd,on,ouvre,le,cul,d‚Äôu‚Ä¶
Fri Apr 13 12:31:21 CEST 2018,butfirstyoongi,vous,voyez,m√©tamorph,dans,pok√©mon,?,j'ressemble,√†,√ßa
Fri Apr 13 12:31:16 CEST 2018,enagolol,rt,@pokekalos:,on,f√™te,aujourd'hui,l'anniversaire,de,pok√©mon,ranger,premier,de,la,s√©rie,qui,est,sorti,chez,nous,il,y,a,11,ans,d√©j√†,13,av‚Ä¶
Fri Apr 13 12:31:08 CEST 2018,BenjaminRgn,rt,@soiary:,ptdr,y‚Äôa,embrouille,lart,pour,yu-gi-oh,like,pour,pok√©mon,https://t.co/x9hw0cxnav
Fri Apr 13 12:30:27 CEST 2018,minestertuto,rt,@crunchyroll_fr:,ce,nouveau,film,pok√©mon,promet,d'√™tre,magnifique,"!",üòç,https://t.co/pqufddijrv
Fri Apr 13 12:30:09 CEST 2018,CaroxxPhantom,j'aime,une,vid√©o,@youtube¬†:,"""that's",my,boy!,|,pokemon,heart,gold,and,soul,silver,soul,link,randomized,nuzlocke,ep,"6""",√†,l'adresse
Fri Apr 13 12:29:48 CEST 2018,Flo_RF9,rt,@pomps_boyz:,@jeankul_,@davidlpokemon,@benoitcrp,,heeeeyyyyyy,salut,√†,tous,,les,amis,c‚Äôest,david,lafarge,pok√©mon,ojd,on,ouvre,le,cul,d‚Äôu‚Ä¶
Fri Apr 13 12:29:46 CEST 2018,minestertuto,@crunchyroll_fr,@despairparadise,l'ascension,de,darkrai,perso,avec,oracion,meilleure,ost,tout,film,pokemon,confondu.
Fri Apr 13 12:29:10 CEST 2018,DixateuR,rt,@im__eden:,je,dis,√ßa,pour,vous,car,vous,r√©p√©tez,√ßa,√†,longueur,de,temps,on,dirait,des,pokemon.,tant,qu‚Äôon,salit,vos,petits,culs,√ßa,suffi‚Ä¶
Fri Apr 13 12:29:00 CEST 2018,ClarisseChou,rt,@crunchyroll_fr:,ce,nouveau,film,pok√©mon,promet,d'√™tre,magnifique,"!",üòç,https://t.co/pqufddijrv
Fri Apr 13 12:28:28 CEST 2018,a_el_i_ikss,jvais,sur,twitter,je,vois,quoi,la,sextape,de,david,lafarge,pokemon,c'est,bon,je,d√©sac.
Fri Apr 13 12:28:26 CEST 2018,anonymy24,rt,@fils2timp:,il,a,commenc√©,par,d√©chirer,des,boosters,pokemon,et,maintenant,il,d√©chire,des,culs,quel,homme,https://t.co/nn9aosdpk3
Fri Apr 13 12:28:05 CEST 2018,TriPackkk,j'aime,une,vid√©o,@youtube¬†:,"""if",pokemon,had,"facebook""",√†,l'adresse,https://t.co/xj6a56qyis.
Fri Apr 13 12:27:28 CEST 2018,MugiwaraMatt,rt,@villhut:,pok√©mon,au,https://t.co/vp8ufzdrq9
Fri Apr 13 12:27:20 CEST 2018,anjy59,rt,@lecoffrebonus:,üéÅ,"#concours",geek,&,gamer,üéÅ#rt,+,follow,@lecoffrebonus,et,@_dibela,pour,gagner,un,jeu,vid√©o,peluche,cartes,"#pokemon",+‚Ä¶
Fri Apr 13 12:26:28 CEST 2018,Prozinmotion,rt,@lecureuilnoir:,je,sais,que,j'insiste,mais,dans,une,heure,et,quelque,13,minutes,ce,sera,trop,tard,pour,la,campagne,pok√©mon,alors,oui,j‚Ä¶
Fri Apr 13 12:26:20 CEST 2018,mart8ndo,rt,@nintendolife:,random:,as,the,pok√©mon,anime,hits,1000,episodes,one,thing,is,clear:,ash,sucks,at,pok√©mon,https://t.co/8sqwhgdicf,"#pokemo‚Ä¶"
Fri Apr 13 12:25:36 CEST 2018,FunsizeCheressa,pokemon,theme,park,coming,to,universal,studios!,-,pok√©beach,/,pok√©mon,tcg,games,and,anime,news!,https://t.co/uhtmtnklrk
Fri Apr 13 12:25:33 CEST 2018,unpetititalien,rt,@soiary:,ptdr,y‚Äôa,embrouille,lart,pour,yu-gi-oh,like,pour,pok√©mon,https://t.co/x9hw0cxnav
Fri Apr 13 12:25:20 CEST 2018,plodtwist,pokemon,sun&moon,c'est,bcp,trop,pr√©cieux
Fri Apr 13 12:23:23 CEST 2018,TonyStarkMarkV,rt,@nintendolife:,random:,as,the,pok√©mon,anime,hits,1000,episodes,one,thing,is,clear:,ash,sucks,at,pok√©mon,https://t.co/8sqwhgdicf,"#pokemo‚Ä¶"
Fri Apr 13 12:22:25 CEST 2018,Maynzzz,rt,@fils2timp:,il,a,commenc√©,par,d√©chirer,des,boosters,pokemon,et,maintenant,il,d√©chire,des,culs,quel,homme,https://t.co/nn9aosdpk3
Fri Apr 13 12:21:28 CEST 2018,cgdornan,rt,@solenemcqueen:,22.,pok√©monc‚Äôest,mon,enfance,enti√®re,"!",la,premi√®re,g√©n√©ration,‚ù§Ô∏è,le,g√©n√©rique,mythique,vraiment,que,du,bon.,https://t‚Ä¶
Fri Apr 13 12:21:23 CEST 2018,Morganutella,rt,@solenemcqueen:,22.,pok√©monc‚Äôest,mon,enfance,enti√®re,"!",la,premi√®re,g√©n√©ration,‚ù§Ô∏è,le,g√©n√©rique,mythique,vraiment,que,du,bon.,https://t‚Ä¶
Fri Apr 13 12:20:47 CEST 2018,SiteEternia,la,date,de,sortie,du,2nd,volume,du,manga,pok√©mon,la,grande,aventure,diamant,et,perle,/,platine,a,√©t√©,annonc√©,par‚Ä¶,https://t.co/h5fkc6pely
Fri Apr 13 12:19:53 CEST 2018,Im_shisuiii,rt,@pomps_boyz:,@jeankul_,@davidlpokemon,@benoitcrp,,heeeeyyyyyy,salut,√†,tous,,les,amis,c‚Äôest,david,lafarge,pok√©mon,ojd,on,ouvre,le,cul,d‚Äôu‚Ä¶
Fri Apr 13 12:19:52 CEST 2018,LiorNsnd,rt,@soiary:,ptdr,y‚Äôa,embrouille,lart,pour,yu-gi-oh,like,pour,pok√©mon,https://t.co/x9hw0cxnav
Fri Apr 13 12:19:51 CEST 2018,JonCarter22,rt,@nintendolife:,random:,as,the,pok√©mon,anime,hits,1000,episodes,one,thing,is,clear:,ash,sucks,at,pok√©mon,https://t.co/8sqwhgdicf,"#pokemo‚Ä¶"
Fri Apr 13 12:19:47 CEST 2018,RinguetMorgan,rt,@fils2timp:,il,a,commenc√©,par,d√©chirer,des,boosters,pokemon,et,maintenant,il,d√©chire,des,culs,quel,homme,https://t.co/nn9aosdpk3
Fri Apr 13 12:19:02 CEST 2018,DieselWP,rt,@pokeshopper:,pokeshopper,pictures,:,pok√©mon,center,official,ditto,transform,gachapon,alolan,vulpix,and,electrode,product,images,https:/‚Ä¶
Fri Apr 13 12:18:58 CEST 2018,_wvlid_,@_siphyna_,@hyoudoudou,@boualt,@hsephii,@cielevi,@chimin1728,sympa,moi,je,serai,entrain,de,jouer,a,pok√©mon,pour,pro‚Ä¶,https://t.co/geisgjbdy1
Fri Apr 13 12:18:54 CEST 2018,mysha_at,rt,@nintendolife:,random:,as,the,pok√©mon,anime,hits,1000,episodes,one,thing,is,clear:,ash,sucks,at,pok√©mon,https://t.co/8sqwhgdicf,"#pokemo‚Ä¶"
Fri Apr 13 12:18:11 CEST 2018,LinaMar67555249,pokemon,√©meraude,√©pisode,45,le,froid,regice,https://t.co/awa1unzmf9,via,@youtube
Fri Apr 13 12:18:02 CEST 2018,Miranox_,rt,@crunchyroll_fr:,ce,nouveau,film,pok√©mon,promet,d'√™tre,magnifique,"!",üòç,https://t.co/pqufddijrv
Fri Apr 13 12:17:58 CEST 2018,TiffaineRulle,rt,@crunchyroll_fr:,ce,nouveau,film,pok√©mon,promet,d'√™tre,magnifique,"!",üòç,https://t.co/pqufddijrv
Fri Apr 13 12:17:46 CEST 2018,MoeruReo,rt,@crunchyroll_fr:,ce,nouveau,film,pok√©mon,promet,d'√™tre,magnifique,"!",üòç,https://t.co/pqufddijrv
Fri Apr 13 12:17:09 CEST 2018,FireStyleGelths,rt,@crunchyroll_fr:,ce,nouveau,film,pok√©mon,promet,d'√™tre,magnifique,"!",üòç,https://t.co/pqufddijrv
Fri Apr 13 12:16:32 CEST 2018,Crunchyroll_fr,@clairechavanne2,hors,pok√©mon,:p
Fri Apr 13 12:16:14 CEST 2018,JayriSH92,rt,@mysticfalco:,et,c‚Äôest,le,crabagarre,shiny,qui,tombe,en,7068,reset,"!",exactement,le,m√™me,nombre,que,mon,arcko,des,ann√©es,auparavant,..,^^‚Ä¶
Fri Apr 13 12:15:59 CEST 2018,Anthonyplayz17,rt,@nintendolife:,random:,as,the,pok√©mon,anime,hits,1000,episodes,one,thing,is,clear:,ash,sucks,at,pok√©mon,https://t.co/8sqwhgdicf,"#pokemo‚Ä¶"
Fri Apr 13 12:15:57 CEST 2018,LuLu_TrIcK,rt,@crunchyroll_fr:,ce,nouveau,film,pok√©mon,promet,d'√™tre,magnifique,"!",üòç,https://t.co/pqufddijrv
Fri Apr 13 12:15:57 CEST 2018,ToyerToys,random:,as,the,pok√©mon,anime,hits,1000,episodes,one,thing,is,clear:,ash,sucks,at,pok√©mon‚Ä¶,https://t.co/4v9q2yykzg
Fri Apr 13 12:15:42 CEST 2018,adamas_ebooks,j'ai,tr√®s,t√¥t,y'a,pas,de,pok√©mon,qui,s'appelle,stranger,thighs
Fri Apr 13 12:15:07 CEST 2018,Superpikachu477,rt,@nintendolife:,random:,as,the,pok√©mon,anime,hits,1000,episodes,one,thing,is,clear:,ash,sucks,at,pok√©mon,https://t.co/8sqwhgdicf,"#pokemo‚Ä¶"
Fri Apr 13 12:15:00 CEST 2018,Uzuchi8,rt,@crunchyroll_fr:,ce,nouveau,film,pok√©mon,promet,d'√™tre,magnifique,"!",üòç,https://t.co/pqufddijrv
Fri Apr 13 12:14:44 CEST 2018,SpinoGold,rt,@crunchyroll_fr:,ce,nouveau,film,pok√©mon,promet,d'√™tre,magnifique,"!",üòç,https://t.co/pqufddijrv
Fri Apr 13 12:14:30 CEST 2018,Jo_Rayz,rt,@crunchyroll_fr:,ce,nouveau,film,pok√©mon,promet,d'√™tre,magnifique,"!",üòç,https://t.co/pqufddijrv
Fri Apr 13 12:14:24 CEST 2018,Do29ll2,rt,@villhut:,pok√©mon,au,https://t.co/vp8ufzdrq9
Fri Apr 13 12:13:44 CEST 2018,kimpeach_peach,rt,@villhut:,pok√©mon,au,https://t.co/vp8ufzdrq9
Fri Apr 13 12:13:34 CEST 2018,Data_Pk,toujours,et,encore,du,pok√©mon,√†,la,une,avec,la,mise,en,ligne,des,pr√©commandes,de,la,sixi√®me,extension‚Ä¶,https://t.co/nc0o7w9nqo
Fri Apr 13 12:13:21 CEST 2018,DespairParadise,rt,@crunchyroll_fr:,ce,nouveau,film,pok√©mon,promet,d'√™tre,magnifique,"!",üòç,https://t.co/pqufddijrv
Fri Apr 13 12:13:19 CEST 2018,NashSenseii,rt,@soiary:,ptdr,y‚Äôa,embrouille,lart,pour,yu-gi-oh,like,pour,pok√©mon,https://t.co/x9hw0cxnav
Fri Apr 13 12:13:01 CEST 2018,Emma63232820,rt,@pomps_boyz:,@jeankul_,@davidlpokemon,@benoitcrp,,heeeeyyyyyy,salut,√†,tous,,les,amis,c‚Äôest,david,lafarge,pok√©mon,ojd,on,ouvre,le,cul,d‚Äôu‚Ä¶
Fri Apr 13 12:12:38 CEST 2018,Crunchyroll_fr,ce,nouveau,film,pok√©mon,promet,d'√™tre,magnifique,"!",üòç,https://t.co/pqufddijrv
Fri Apr 13 12:12:29 CEST 2018,BrambleSage,rt,@pokeshopper:,pokeshopper,pictures,:,pok√©mon,center,official,ditto,transform,gachapon,alolan,vulpix,and,electrode,product,images,https:/‚Ä¶
Fri Apr 13 12:12:21 CEST 2018,f49_3,@lymphansnympha,grv,personne,ne,la,connaissait,maintenant,elle,prends,la,grosse,t√™te,sur,ces,snap,üò™,√ßa,va,faire,com‚Ä¶,https://t.co/mevbmfhqqc
Fri Apr 13 12:11:31 CEST 2018,KennyNOL,pokemon,theme,park,coming,to,universal,studios!,-,pok√©beach,/,pok√©mon,tcg,games,and,anime,news!,https://t.co/yt7xuk1mim
Fri Apr 13 12:11:29 CEST 2018,bilou_92i,ca,a,g√©,chan,les,ouvertures,cartes,pokemon,https://t.co/b8n0atdnji
Fri Apr 13 12:11:22 CEST 2018,Shokyo_,@jeankul_,@sdchachaze,@davidlpokemon,@nofaire,je,savais,pas,que,les,cartes,pok√©mon,te,donnaient,un,flow,aupr√®s,des,filles
Fri Apr 13 12:10:14 CEST 2018,enzoleouff,rt,@lucasbdyn5:,@jeankul_,@mgxtrt,@davidlpokemon,@enzoleouff,tema,ton,gars,il,ouvre,pas,que,des,boosters,pokemon,üòÇ
Fri Apr 13 12:10:07 CEST 2018,DidieNyan,@gigivraligx,bah,ya,blocus,depuis,fevrier,et,les,profs,ont,pas,le,droit,de,mettre,de,cours,sur,l'ent,psq,c'est,cont‚Ä¶,https://t.co/iiqeh9mtnb
Fri Apr 13 12:09:19 CEST 2018,antho_516,rt,@fils2timp:,il,a,commenc√©,par,d√©chirer,des,boosters,pokemon,et,maintenant,il,d√©chire,des,culs,quel,homme,https://t.co/nn9aosdpk3
Fri Apr 13 12:09:10 CEST 2018,Thibxult,rt,@fils2timp:,il,a,commenc√©,par,d√©chirer,des,boosters,pokemon,et,maintenant,il,d√©chire,des,culs,quel,homme,https://t.co/nn9aosdpk3
Fri Apr 13 12:09:05 CEST 2018,Cyber_Fox_,rt,@nintendolife:,random:,as,the,pok√©mon,anime,hits,1000,episodes,one,thing,is,clear:,ash,sucks,at,pok√©mon,https://t.co/8sqwhgdicf,"#pokemo‚Ä¶"
Fri Apr 13 12:08:55 CEST 2018,mllxxv3,rt,@solenemcqueen:,22.,pok√©monc‚Äôest,mon,enfance,enti√®re,"!",la,premi√®re,g√©n√©ration,‚ù§Ô∏è,le,g√©n√©rique,mythique,vraiment,que,du,bon.,https://t‚Ä¶
Fri Apr 13 12:08:51 CEST 2018,tomltr6,rt,@shokenevil:,@jeankul_,@davidlpokemon,@evolraito,la,recherche,de,pokemon,s'intensifie
Fri Apr 13 12:08:33 CEST 2018,zeezah_m,rt,@feelingeuphoric:,friend:,there‚Äôs,a,new,pok√©mon,based,on,a,bicycleme:,*under,breath*,spok√©mon
Fri Apr 13 12:08:28 CEST 2018,Nintendosenews,random:,as,the,pok√©mon,anime,hits,1000,episodes,one,thing,is,clear:,ash,sucks,at,pok√©mon,https://t.co/1yvbqj3ijf
